osm-id	version	latitudine	longitudine	road	house-number	suburb	district	city	county	state	post-code	country	cc	continent	amenity	brand	car	cu-code	cu-recharge	cu-state	elapsed-time	enel-name	enel-post-code	name	region	serial-number	usage-level	zona
4295717831	7	44.6472	10.937284	Via Ciro Menotti				Modena			41122	Italia	IT	European Union	charging_station	Enel	yes	HERA_00000020	FINISHED	ACTIVE	0	Menotti	41122	HERA_00000020	Emilia Romagna	N.11ZP21T2B01C000021	0	Modena
4295717832	7	43.1142	12.384	Via Alessandro Pascoli				Perugia			6123	Italia	IT	European Union	charging_station	Enel	yes	ENEL_00000477	FINISHED	ACTIVE	0	Pascoli	6123	ENEL_00000477	Umbria	N.11EP21T2301C000004	0	Perugia
4295717833	7	44.04849	12.565892	Via della Fiera				Rimini			47923	Italia	IT	European Union	charging_station	Enel	yes	ENEL_00000536	FINISHED	ACTIVE	0	Fiera1	47923	ENEL_00000536	Emilia Romagna	N.12EP21T2301H000041	0	Rimini
4295717834	7	43.7117	10.397013	Via Francesco Crispi				Pisa			56125	Italia	IT	European Union	charging_station	Enel	yes	ENEL_00000541	FINISHED	ACTIVE	0	Crispi	56100	ENEL_00000541	Tuscany	N.11EP21T2302C000177	0	Pisa
		41.900124	12.47512	Largo G. Toniolo				Roma			188	Italia	IT	European Union	charging_station	Enel	yes	EnEnergia_00000013	FINISHED	MAINTENANCE	0	Toniolo	186	EnEnergia_00000013	Lazio	N.13CP21T2B01H000012	0	Rome
4295717835	7	41.11838	16.8706	Piazza Aldo Moro				Bari			70121	Italia	IT	European Union	charging_station	Enel	yes	ENEL_00000591	FINISHED	ACTIVE	0	3 Aldo Moro	70122	ENEL_00000591	Puglia	N.13EP21T2301H000011	0	Bari
4295717836	7	43.71159	10.397086	Via Francesco Crispi				Pisa			56125	Italia	IT	European Union	charging_station	Enel	yes	ENEL_00000032	FINISHED	ACTIVE	0	via Crispi 72	0	ENEL_00000032	Tuscany	N.10EP21T2302A000035	0	Pisa
4295717837	7	44.70592	10.62578	Viale Regina Elena				Reggio nell'Emilia			42124	Italia	IT	European Union	charging_station	Enel	yes	ENEL_00000490	FINISHED	ACTIVE	0	Regina Elena 1	42124	ENEL_00000490	Emilia Romagna	N.11EP21T2302E000225	0	Reggio Emilia
		44.64493	10.955375	Viale Dello Sport				Modena			41122	Italia	IT	European Union	charging_station	Enel	yes	HERA_00000013	FINISHED	MAINTENANCE	0	Dello Sport	41122	HERA_00000013	Emilia Romagna	N.11ZP21T2B01C000010	0	Modena
4295717838	7	44.697266	10.642405	Piazzale Marconi				Reggio nell'Emilia			42122	Italia	IT	European Union	charging_station	Enel	yes	ENEL_00000346	FINISHED	ACTIVE	0	Marconi1	0	ENEL_00000346	Emilia Romagna	N.11EP21T2302E000216	0	Reggio Emilia
4295717839	7	44.699505	10.64327	Piazzale Europa				Reggio nell'Emilia			42122	Italia	IT	European Union	charging_station	Enel	yes	ENEL_00000408	FINISHED	ACTIVE	0	REGPiazzaleEuropa2	42124	ENEL_00000408	Emilia Romagna	N.11EP21T2302E000233	0	Reggio Emilia
4295717840	7	43.1	12.36	Via del Tabacchificio				Perugia			6126	Italia	IT	European Union	charging_station	Enel	yes	ENEL_00000470	FINISHED	ACTIVE	0	TABACCHIFICIO	6124	ENEL_00000470	Umbria	N.11EP21T2301C000037	0	Perugia
4295717841	7	44.40707	8.94605	Piazza Giuseppe Verdi				Genova			16122	Italia	IT	European Union	charging_station	Enel	yes	ENEL_00000511	FINISHED	ACTIVE	0	AEEG 242 6 Verdi	0	ENEL_00000511	Liguria	N.12EP21T2301H000037	0	Genova
4295717842	7	44.69987	10.626468	Piazza Gioberti				Reggio nell'Emilia			42124	Italia	IT	European Union	charging_station	Enel	yes	ENEL_00000450	FINISHED	ACTIVE	0	Gioberti 1 prima	42121	ENEL_00000450	Emilia Romagna	N.11EP21T2302E000219	0	Reggio Emilia
		44.64831	10.92844	Piazza Roma				Modena			41122	Italia	IT	European Union	charging_station	Enel	yes	HERA_00000002	FINISHED	MAINTENANCE	0	Piazza Roma 3	0	HERA_00000002	Emilia Romagna	N.11ZP21T2B01C000003	0	Modena
4295717843	7	43.70982	10.40934	Via Matteotti				Pisa			56127	Italia	IT	European Union	charging_station	Enel	yes	ENEL_00000333	FINISHED	ACTIVE	0	Matteotti 1	56124	ENEL_00000333	Tuscany	N.11EP21T2301C000007	0	Pisa
4295717844	7	41.869125	12.495768	Via Cristoforo Colombo				Roma			154	Italia	IT	European Union	charging_station	Enel	yes	ENEL_00000476	FINISHED	ACTIVE	0	Via Cristoforo Colombo	154	ENEL_00000476	Lazio	N.11CP21T2B01C000024	0	Rome
4295717845	7	44.41234	8.88487	Via Antonio Pacinotti				Genova			16159	Italia	IT	European Union	charging_station	Enel	yes	ENEL_00000516	FINISHED	ACTIVE	0	AEEG242 11 Pacinotti	16149	ENEL_00000516	Liguria	N.12EP21T2301H000034	0	Genova
		44.42472	8.84975	Largo Fausto Coppi				Genova			16154	Italia	IT	European Union	charging_station	Enel	yes	ENEL_00000606	FINISHED	MAINTENANCE	0	Largo Fausto Coppi	0	ENEL_00000606	Liguria	N.12EP21T2301H000014	0	Genova
4295717846	7	41.11838	16.8706	Piazza Aldo Moro				Bari			70121	Italia	IT	European Union	charging_station	Enel	yes	ENEL_00000588	FINISHED	ACTIVE	0	1 Piazzale Aldo Moro	70122	ENEL_00000588	Puglia	N.13EP21T2301H000012	0	Bari
		41.865402	12.479145	Via Ostiense				Roma			154	Italia	IT	European Union	charging_station	Enel	yes	ENEL_00000311	FINISHED	MAINTENANCE	0	Ostiense 2	154	ENEL_00000311	Lazio	N.11CP21T2B01C000011	0	Rome
		41.91867	12.479435	Via Antonio Gramsci				Roma			196	Italia	IT	European Union	charging_station	Enel	yes	EnEnergia_00000012	FINISHED	INSTALLED	0	Municipio II° (2)	197	EnEnergia_00000012	Lazio	N.13ZP22T5BA1F000003	0	Rome
4295717847	7	41.857567	12.497149	Via Marco e Marcelliano				Roma			147	Italia	IT	European Union	charging_station	Enel	yes	ENEL_00000390	FINISHED	ACTIVE	0	Elio Rufino 2	147	ENEL_00000390	Lazio	N.11CP21T2B02C000124	0	Rome
4295717848	7	41.910828	12.499169	Corso d?Italia				Roma			139	Italia	IT	European Union	charging_station	Enel	yes	ENEL_00000405	FINISHED	ACTIVE	0	Italia 1	198	ENEL_00000405	Lazio	N.10CP21T2B02B000070	0	Rome
4295717849	7	44.48817	11.34367	Piazza dei Tribunali1				Bologna			40124	Italia	IT	European Union	charging_station	Enel	yes	ENEL_00000463	FINISHED	ACTIVE	0	BO-Tribunali	0	ENEL_00000463	Emilia Romagna	N.11EP21T2301C000055	0	Bologna
4295717850	7	41.89756	12.483146	Piazza SS Apostoli				Roma			187	Italia	IT	European Union	charging_station	Enel	yes	ENEL_00000166	FINISHED	ACTIVE	0	Apostoli 2 - car sharing	187	ENEL_00000166	Lazio	N.11CP21T2B02C000103	0	Rome
4295717851	7	43.72435	10.4106	Via A. Paparelli				Pisa			56127	Italia	IT	European Union	charging_station	Enel	yes	ENEL_00000088	FINISHED	ACTIVE	0	Via A. Paparelli	0	ENEL_00000088	Tuscany	N.10EP21T2302A000020	0	Pisa
4295717852	7	44.353058	11.704722	Viale Aurelio Saffi				Imola			40026	Italia	IT	European Union	charging_station	Enel	yes	HERA_00000005	FINISHED	ACTIVE	0	Viale Aurelio Saffi 50	40026	HERA_00000005	Emilia Romagna	N.11ZP21T2B01C000013	0	Bologna
4295717853	7	43.70891	10.40931	Via Matteotti				Pisa			56127	Italia	IT	European Union	charging_station	Enel	yes	ENEL_00000334	FINISHED	ACTIVE	0	Matteotti 2	56124	ENEL_00000334	Tuscany	N.11EP21T2301C000008	0	Pisa
4295717854	7	43.11044	12.38466	Via Victor Hugo				Perugia			6100	Italia	IT	European Union	charging_station	Enel	yes	ENEL_00000478	FINISHED	ACTIVE	0	Hugo	6134	ENEL_00000478	Umbria	N.11EP21T2301C000042	0	Perugia
4295717855	7	41.83206	12.46255	Viale Europa incrocio Largo Apollinare				Roma			144	Italia	IT	European Union	charging_station	Enel	yes	ENEL_00000473	FINISHED	ACTIVE	0	Europa- Apollinare 1	144	ENEL_00000473	Lazio	N.11CP21T2B01C000017	0	Rome
		44.49193	11.31189	Piazza della Pace				Bologna			40134	Italia	IT	European Union	charging_station	Enel	yes	ENEL_00000560	FINISHED	MAINTENANCE	0	Pace	40134	ENEL_00000560	Emilia Romagna	N.12EP21T2301H000025	0	Bologna
4295717856	7	44.699505	10.64327	Piazzale Europa				Reggio nell'Emilia			42122	Italia	IT	European Union	charging_station	Enel	yes	ENEL_00000355	FINISHED	ACTIVE	0	REGPiazzaleEuropa1	42124	ENEL_00000355	Emilia Romagna	N.11EP21T2302E000231	0	Reggio Emilia
4295718388	3	41.8813	12.5615	Via dei Platani				Roma			177	Italia	IT	European Union	charging_station	Enel	yes	EnEnergia_00000002	FINISHED	ACTIVE	0	Europe Ass 2	0	EnEnergia_00000002	Lazio	N.12ZP21T2B01C000006	0	Rome
4295717858	7	41.11838	16.8706	Piazza Aldo Moro				Bari			70121	Italia	IT	European Union	charging_station	Enel	yes	ENEL_00000590	FINISHED	ACTIVE	0	2 Aldo Moro	70122	ENEL_00000590	Puglia	N.12EP21T2301H000058	0	Bari
4295717859	7	43.67142	10.27439	Via Duodo Duodi				Pisa				Italia	IT	European Union	charging_station	Enel	yes	ENEL_00000289	FINISHED	ACTIVE	0	Duodi 1	56128	ENEL_00000289	Tuscany	N.11EP21T2302C000181	0	Pisa
		45.052826	9.694144	Via Camillo Cavour				Piacenza			29121	Italia	IT	European Union	charging_station	Enel	yes	ENEL_00000360	FINISHED	MAINTENANCE	0	Cavour 1	20121	ENEL_00000360	Emilia Romagna	N.11EP21T2302E000235	0	Piacenza
	1	43.71233	10.42127	Via P. Nenni				Pisa			56127	Italia	IT	European Union	charging_station	Enel	yes	ENEL_00000085	FINISHED	MAINTENANCE	0	Via P. Nenni	0	ENEL_00000085	Tuscany	N.10EP21T2302A000017	0	Pisa
4295717861	7	44.69498	10.640637	Piazza del Tricolore				Reggio nell'Emilia			42122	Italia	IT	European Union	charging_station	Enel	yes	ENEL_00000356	FINISHED	ACTIVE	0	Tricolore 2	42124	ENEL_00000356	Emilia Romagna	N.11EP21T2302E000232	0	Reggio Emilia
4295717862	7	41.12359	16.87263	Corso Cavour angolo Putignani				Bari			70121	Italia	IT	European Union	charging_station	Enel	yes	ENEL_00000493	FINISHED	ACTIVE	0	Petruzzelli	70126	ENEL_00000493	Puglia	N.12EP21T2301H000030	0	Bari
4295717863	7	44.14398	12.229327	Piazzale Dario Ambrosini				Cesena			47522	Italia	IT	European Union	charging_station	Enel	yes	ENEL_00000557	FINISHED	ACTIVE	0	Ambrosini	47521	ENEL_00000557	Emilia Romagna	N.11EP21T2301C000029	0	Forlì-Cesena
4295717864	7	44.49195	11.31188	Piazza della Pace				Bologna			40134	Italia	IT	European Union	charging_station	Enel	yes	ENEL_00000561	FINISHED	ACTIVE	0	Pace 2	40134	ENEL_00000561	Emilia Romagna	N.12EP21T2301H000018	0	Bologna
4295717865	7	41.896984	12.474514	Piazza di Sant'Andrea della Valle				Roma			186	Italia	IT	European Union	charging_station	Enel	yes	ENEL_00000265	FINISHED	ACTIVE	0	Car Sharing - Sant'Andrea della Valle2	186	ENEL_00000265	Lazio	N.11CP21T2B02C000100	0	Rome
4295717866	7	43.72503	10.397641	Via Piave				Pisa			56126	Italia	IT	European Union	charging_station	Enel	yes	ENEL_00000082	FINISHED	ACTIVE	0	Via Piave	0	ENEL_00000082	Tuscany	N.10EP21T2302A000012	0	Pisa
4295718390	2	41.729786	12.278144	Lungomare Paolo Toscanelli				Roma			121	Italia	IT	European Union	charging_station	Enel	yes	ENEL_00000114	FINISHED	ACTIVE	0	Piazza Anco Marzio - Lungomare Toscanelli	0	ENEL_00000114	Lazio	N.10CP21T2B02A000061	0	Rome
4295718389	3	44.49856	11.33498	via Di Riva Reno				Bologna			40122	Italia	IT	European Union	charging_station	Enel	yes	ENEL_00000574	FINISHED	ACTIVE	0	via Di Riva Reno	40122	ENEL_00000574	Emilia Romagna	N.11EP21T2301C000058	0	Bologna
4295717869	7	43.187984	12.137041	Via del Giuoca				Passignano sul Trasimeno				Italia	IT	European Union	charging_station	Enel	yes	ENEL_00000385	FINISHED	ACTIVE	0	Giuoco	6065	ENEL_00000385	Umbria	N.10EP21T2302A000041	0	Perugia
		41.90249	12.477124	Via dei Prefetti				Roma			188	Italia	IT	European Union	charging_station	Enel	yes	ENEL_00000496	ACTIVE	MAINTENANCE	1056779	Municipio I	186	ENEL_00000496	Lazio	N.11CP21T2B01C000031	0	Rome
4295717870	7	41.13331	16.76256	Viale Enzo Ferrari				Bari				Italia	IT	European Union	charging_station	Enel	yes	ENEL_00000583	FINISHED	ACTIVE	0	Aeroporto 1	70128	ENEL_00000583	Puglia	N.13EP21T2301H000003	0	Bari
4295717871	7	44.34611	11.715278	Via Amedeo Tabanelli				Imola			40026	Italia	IT	European Union	charging_station	Enel	yes	HERA_00000003	FINISHED	ACTIVE	0	Via Amedeo Tabanelli	40026	HERA_00000003	Emilia Romagna	N.11ZP21T2B01C000011	0	Bologna
4295717872	7	44.356945	11.716944	Via Andrea Costa				Imola			40026	Italia	IT	European Union	charging_station	Enel	yes	HERA_00000004	FINISHED	ACTIVE	0	Viale Andrea Costa 39	40134	HERA_00000004	Emilia Romagna	N.11ZP21T2B01C000015	0	Bologna
4295717873	7	44.48736	11.35675	Via Dante				Bologna			40125	Italia	IT	European Union	charging_station	Enel	yes	ENEL_00000558	FINISHED	ACTIVE	0	Dante	40125	ENEL_00000558	Emilia Romagna	N.12EP21T2301H000023	0	Bologna
		41.896954	12.483374	Via Cesare Battisti				Roma			187	Italia	IT	European Union	charging_station	Enel	yes	ENEL_00000308	FINISHED	INSTALLED	0	Cesare Battisti 2	187	ENEL_00000308	Lazio	N.11CP21T2B01C000009	0	Rome
4295717874	7	44.3725	11.722778	Via Ruggero Grieco				Imola			40026	Italia	IT	European Union	charging_station	Enel	yes	HERA_00000011	FINISHED	ACTIVE	0	Grieco	40026	HERA_00000011	Emilia Romagna	N.11ZP21T2B01C000034	0	Bologna
4295717875	7	41.90416	12.463348	Via di Porta Castello				Roma			193	Italia	IT	European Union	charging_station	Enel	yes	ENEL_00000449	FINISHED	ACTIVE	0	Fosse di Castello	193	ENEL_00000449	Lazio	N.11CP21T2B01C000016	0	Rome
		41.89573	12.455774	Via della Stazione di San Pietro				Roma			192	Italia	IT	European Union	charging_station	Enel	yes	ENEL_00000500	FINISHED	MAINTENANCE	0	Municipio XVIII	165	ENEL_00000500	Lazio	N.11CP21T2B01C000030	0	Rome
4295717876	7	44.05443	12.552288	Piazza Caduti di Cefalonia				Rimini			47923	Italia	IT	European Union	charging_station	Enel	yes	ENEL_00000571	FINISHED	ACTIVE	0	Caduti di Cefalonia	47923	ENEL_00000571	Emilia Romagna	N.12EP21T2301H000047	0	Rimini
4295717877	7	43.70048	10.39978	Via dell'Aeroporto				Pisa			56125	Italia	IT	European Union	charging_station	Enel	yes	ENEL_00000336	FINISHED	ACTIVE	0	Aeroporto 2	56121	ENEL_00000336	Tuscany	N.11EP21T2301C000010	0	Pisa
4295717878	7	43.72235	10.41366	Via Angelo Battelli				Pisa			56127	Italia	IT	European Union	charging_station	Enel	yes	ENEL_00000078	FINISHED	ACTIVE	0	Via A. Battelli	0	ENEL_00000078	Tuscany	N.10EP21T2302A000008	0	Pisa
4295717879	7	43.72146	10.40343	Via Santa Caterina				Pisa			56127	Italia	IT	European Union	charging_station	Enel	yes	ENEL_00000086	FINISHED	ACTIVE	0	Piazza Santa Caterina	0	ENEL_00000086	Tuscany	N.10EP21T2302A000029	0	Pisa
4295717880	7	43.72433	10.41066	Via A. Paparelli				Pisa			56127	Italia	IT	European Union	charging_station	Enel	yes	ENEL_00000089	FINISHED	ACTIVE	0	Via A. Paparelli	0	ENEL_00000089	Tuscany	N.10EP21T2302A000013	0	Pisa
		41.89756	12.483073	Piazza SS Apostoli				Roma			187	Italia	IT	European Union	charging_station	Enel	yes	ENEL_00000252	FINISHED	MAINTENANCE	0	Apostoli 1	187	ENEL_00000252	Lazio	N.11CP21T2B02C000098	0	Rome
		41.915813	12.464477	Piazza Giuseppe Mazzini				Roma			196	Italia	IT	European Union	charging_station	Enel	yes	ENEL_00000315	FINISHED	MAINTENANCE	0	Mazzini 2	195	ENEL_00000315	Lazio	N.11CP21T2B02C000119	0	Rome
		41.894344	12.438158	Piazza Pio XI				Roma			165	Italia	IT	European Union	charging_station	Enel	yes	ENEL_00000409	FINISHED	MAINTENANCE	0	Pio XI	165	ENEL_00000409	Lazio	N.11CP21T2B01C000001	0	Rome
		44.409615	8.902672	Via di Francia				Genova			16134	Italia	IT	European Union	charging_station	Enel	yes	ENEL_00000507	FINISHED	PLANNED	0	AEEG242 2 Di Francia	16149	ENEL_00000507	Liguria		0	Genova
4295717881	7	44.048546	12.565758	Via della Fiera				Rimini			47923	Italia	IT	European Union	charging_station	Enel	yes	ENEL_00000537	FINISHED	ACTIVE	0	Fiera2	47923	ENEL_00000537	Emilia Romagna	N.12EP21T2301H000046	0	Rimini
		41.89696	12.474434	piazza Sant'Andrea della Valle				Roma			186	Italia	IT	European Union	charging_station	Enel	yes	ENEL_00000545	ACTIVE	MAINTENANCE	5197790	municipio I	0	ENEL_00000545	Lazio	N.13CP21T2B01H000001	0	Rome
4295717882	7	41.92323	12.506921	Piazza Verbano				Roma			198	Italia	IT	European Union	charging_station	Enel	yes	ENEL_00000547	FINISHED	ACTIVE	0	Verbano	199	ENEL_00000547	Lazio	N.13CP21T2B01H000002	0	Rome
4295717883	7	41.97526	12.49499	Viale Maurizio Barendson				Roma			138	Italia	IT	European Union	charging_station	Enel	yes	ENEL_00000383	FINISHED	ACTIVE	0	Saxa Rubra 1	188	ENEL_00000383	Lazio	N.11CP21T2B02C000120	0	Rome
4295717884	7	44.50307	11.34048	Via Fioravanti				Bologna			40121	Italia	IT	European Union	charging_station	Enel	yes	ENEL_00000444	FINISHED	ACTIVE	0	Via Fioravanti	40129	ENEL_00000444	Emilia Romagna	N.11EP21T2302C000174	0	Bologna
		41.918476	12.48019	Via Antonio Gramsci				Roma			196	Italia	IT	European Union	charging_station	Enel	yes	EnEnergia_00000011	FINISHED	MAINTENANCE	0	Municipio II° (1)	197	EnEnergia_00000011	Lazio	N.13CP22T5BA1F000002	0	Rome
4295717885	7	41.90875	12.49471	Via Boncompagni				Roma			139	Italia	IT	European Union	charging_station	Enel	yes	ENEL_00000127	FINISHED	ACTIVE	0	Via Boncompagni	0	ENEL_00000127	Lazio	N.11CP21T2B02C000080	0	Rome
4295717886	7	43.70035	10.39972	Pisa Aeroporto				Pisa			56125	Italia	IT	European Union	charging_station	Enel	yes	ENEL_00000277	FINISHED	ACTIVE	0	Aeroporto 1	56121	ENEL_00000277	Tuscany	N.11EP21T2302C000175	0	Pisa
4295717887	7	44.3589	11.6905	Via Belvedere				Imola			40026	Italia	IT	European Union	charging_station	Enel	yes	HERA_00000008	FINISHED	ACTIVE	0	Belvedere	40026	HERA_00000008	Emilia Romagna	N.11ZP21T2B01C000031	0	Bologna
4295717888	7	43.92826	10.92747	Strada Provinciale Pratese				Pistoia			51100	Italia	IT	European Union	charging_station	Enel	yes	ENEL_00000424	FINISHED	ACTIVE	0	Punto Enel Pistoia	51100	ENEL_00000424	Tuscany	N.11EP21T2301C000047	0	Pistoia
4295717889	7	42.967567	12.272206	Vocabolo Maroneto				Marsciano				Italia	IT	European Union	charging_station	Enel	yes	ENEL_00000454	FINISHED	ACTIVE	0	Mercatello 2	6072	ENEL_00000454	Umbria	N.11EP21T2301C000041	0	Perugia
		41.86656	12.479656	Via Ostiense				Roma			154	Italia	IT	European Union	charging_station	Enel	yes	EnEnergia_00000014	FINISHED	MAINTENANCE	0	ostiense	0	EnEnergia_00000014	Lazio	N.11CP21T2B02C000128	0	Rome
4295717890	7	41.1292	16.86374	Corso De Tullio				Bari			70123	Italia	IT	European Union	charging_station	Enel	yes	ENEL_00000597	FINISHED	ACTIVE	0	De Tullio	70122	ENEL_00000597	Puglia	N.13EP21T2301H000005	0	Bari
4295717891	7	44.685608	10.629381	Viale Risorgimento				Reggio nell'Emilia			42122	Italia	IT	European Union	charging_station	Enel	yes	ENEL_00000564	FINISHED	ACTIVE	0	Risorgimento	42122	ENEL_00000564	Emilia Romagna	N.11EP21T2302E000228	0	Reggio Emilia
4295717892	7	43.72241	10.41372	Via Angelo Battelli				Pisa			56127	Italia	IT	European Union	charging_station	Enel	yes	ENEL_00000079	FINISHED	ACTIVE	0	Via A. Battelli	0	ENEL_00000079	Tuscany	N.10EP21T2302A000032	0	Pisa
4295717893	7	41.918365	12.511903	Viale Pola				Roma			198	Italia	IT	European Union	charging_station	Enel	yes	ENEL_00000151	FINISHED	ACTIVE	0	Via Pola 25	0	ENEL_00000151	Lazio	N.11CP21T2B02C000087	0	Rome
		44.694984	10.640527	Piazza del Tricolore				Reggio nell'Emilia			42122	Italia	IT	European Union	charging_station	Enel	yes	ENEL_00000354	FINISHED	MAINTENANCE	0	Tricolore	42124	ENEL_00000354	Emilia Romagna	N.11EP21T2302E000230	0	Reggio Emilia
		41.822056	12.47155	Piazzale dell'Umanesimo				Roma			144	Italia	IT	European Union	charging_station	Enel	yes	EnEnergia_00000007	FINISHED	MAINTENANCE	0	Municipio XII	144	EnEnergia_00000007	Lazio	N.13CP21T2B01H000008	0	Rome
4295717894	7	43.104366	12.375824	Piazza Vittorio Veneto				Perugia			6100	Italia	IT	European Union	charging_station	Enel	yes	ENEL_00000420	FINISHED	ACTIVE	0	Veneto	6124	ENEL_00000420	Umbria	N.11EP21T2301C000034	0	Perugia
4295717895	7	43.57026	13.51027	Via Pastore				Ancona			60131	Italia	IT	European Union	charging_station	Enel	yes	ENEL_00000426	FINISHED	ACTIVE	0	PE Ancona	60131	ENEL_00000426	Marche	N.11EP21T2301C000045	0	Ancona
4295717896	7	44.65281	10.911108	Via Emilia Ovest				Modena			41122	Italia	IT	European Union	charging_station	Enel	yes	HERA_00000017	FINISHED	ACTIVE	0	Emilia Ovest	41123	HERA_00000017	Emilia Romagna	N.11ZP21T2B01C000025	0	Modena
4295717897	7	43.79199	11.242501	Via Filippo Corridoni				Firenze			50127	Italia	IT	European Union	charging_station	Enel	yes	ENEL_00000422	FINISHED	ACTIVE	0	Punto Enel FI	50100	ENEL_00000422	Tuscany	N.11EP21T2302C000183	0	Florence
4295717898	7	44.649944	10.921432	Via Berengario				Modena			41122	Italia	IT	European Union	charging_station	Enel	yes	HERA_00000014	FINISHED	ACTIVE	0	Berengario	41121	HERA_00000014	Emilia Romagna	N.11ZP21T2B01C000008	0	Modena
4295717899	7	45.08382	9.7038	Via Cesare Calciati				Piacenza				Italia	IT	European Union	charging_station	Enel	yes	ENEL_00000359	FINISHED	ACTIVE	0	Via Cesare Calciati 9	29122	ENEL_00000359	Emilia Romagna	N.11EP21T2302E000234	0	Piacenza
4295717900	7	44.071095	12.578665	Via Beccadelli				Rimini			47921	Italia	IT	European Union	charging_station	Enel	yes	ENEL_00000436	FINISHED	ACTIVE	0	Beccadelli	47921	ENEL_00000436	Emilia Romagna	N.11EP21T2302E000241	0	Rimini
4295717901	7	43.10852	12.38778	Largo della Libertà				Perugia			6100	Italia	IT	European Union	charging_station	Enel	yes	ENEL_00000553	FINISHED	ACTIVE	0	Libertà 2	6122	ENEL_00000553	Umbria	N.11EP21T2301C000035	0	Perugia
		44.05523	0	Lungomare Di Vittorio				Rimini				Italia	IT	European Union	charging_station	Enel	yes	ENEL_00000576	FINISHED	INSTALLED	0	Lungomare Di Vittorio	47921	ENEL_00000576	Emilia Romagna	N.13EP22T5311F000008	0	Rimini
4295717902	7	43.71167	10.397018	Via Francesco Crispi				Pisa			56125	Italia	IT	European Union	charging_station	Enel	yes	ENEL_00000033	FINISHED	ACTIVE	0	via Crispi 72	0	ENEL_00000033	Tuscany	N.10EP21T2302A000037	0	Pisa
4295717903	7	41.97531	12.495138	Viale Maurizio Barendson				Roma			138	Italia	IT	European Union	charging_station	Enel	yes	ENEL_00000384	FINISHED	ACTIVE	0	Saxa Rubra 2	188	ENEL_00000384	Lazio	N.11CP21T2B02C000121	0	Rome
4295717904	7	44.49523	11.33513	Piazza San Francesco				Bologna			40122	Italia	IT	European Union	charging_station	Enel	yes	ENEL_00000485	FINISHED	ACTIVE	0	San Francesco	40122	ENEL_00000485	Emilia Romagna	N.11EP21T2301C000027	0	Bologna
4295717905	7	44.41105	8.93907	Piazza Marsala				Genova			16124	Italia	IT	European Union	charging_station	Enel	yes	ENEL_00000513	FINISHED	ACTIVE	0	AEEG242 8 Marsala	16122	ENEL_00000513	Liguria	N.12EP21T2301H000015	0	Genova
4295717906	7	41.81605	12.41204	Viale Salvatore Rebecchini				Roma			127	Italia	IT	European Union	charging_station	Enel	yes	ENEL_00000546	FINISHED	ACTIVE	0	rebecchini1	148	ENEL_00000546	Lazio	N.11CP21T2B01C000004	0	Rome
4295717907	7	41.1036	16.91204	Via Arturo Toscanini				Bari			70126	Italia	IT	European Union	charging_station	Enel	yes	ENEL_00000581	FINISHED	ACTIVE	0	Bari 005	70126	ENEL_00000581	Puglia	N.12EP21T2301H000056	0	Bari
		44.06399	12.573035	Piazzale Cesare Battisti				Rimini			47921	Italia	IT	European Union	charging_station	Enel	yes	ENEL_00000594	FINISHED	INSTALLED	0	Battisti 1	47900	ENEL_00000594	Emilia Romagna	N.12EP21T2301H000044	0	Rimini
	1	41.859512	12.495138	Via Giovanni Genocchi				Roma			145	Italia	IT	European Union	charging_station	Enel	yes	ENEL_00000316	FINISHED	MAINTENANCE	0	Genocchi 2	145	ENEL_00000316	Lazio	N.11CP21T2B02C000123	0	Rome
4295717909	7	37.5318	15.1085	Via Monsignor Domenico Orlando				Catania			95131	Italia	IT	European Union	charging_station	Enel	yes	ENEL_00000434	FINISHED	ACTIVE	0	PE Catania	95126	ENEL_00000434	Sicily	N.11EP21T2301C000051	0	Catania
4295717910	7	41.826443	12.4783	Viale dell'Aeronautica				Roma			144	Italia	IT	European Union	charging_station	Enel	yes	ENEL_00000524	FINISHED	ACTIVE	0	Aeronautica 1	0	ENEL_00000524	Lazio	N.11CP21T2B01C000026	0	Rome
4295717911	7	44.40596	8.9364	Via Ceccardo Roccatagliata Ceccardi				Genova			16121	Italia	IT	European Union	charging_station	Enel	yes	ENEL_00000508	FINISHED	ACTIVE	0	AEEG242 3 Ceccardi	16100	ENEL_00000508	Liguria	N.12EP21T2301H000009	0	Genova
4295717912	7	41.80673	12.324249	Via Angelo Vescovalli				Roma				Italia	IT	European Union	charging_station	Enel	yes	ENEL_00000165	FINISHED	ACTIVE	0	Fiera di Roma	136	ENEL_00000165	Lazio	N.11CP21T2B02C000101	0	Rome
4295717913	7	44.357224	11.71611	Via Aspromonte				Imola			40026	Italia	IT	European Union	charging_station	Enel	yes	HERA_00000007	FINISHED	ACTIVE	0	Parcheggio_Autostazione	40026	HERA_00000007	Emilia Romagna	N.11ZP21T2B01C000014	0	Bologna
4295717914	7	43.09681	12.38285	Piazzale FIGC				Perugia			6126	Italia	IT	European Union	charging_station	Enel	yes	ENEL_00000503	FINISHED	ACTIVE	0	FIGC	6100	ENEL_00000503	Umbria	N.12EP21T2301H000002	0	Perugia
		41.90638	12.414583	Via Mattia Battistini				Roma			166	Italia	IT	European Union	charging_station	Enel	yes	ENEL_00000382	FINISHED	MAINTENANCE	0	Battistini 2	167	ENEL_00000382	Lazio	N.11CP21T2B02C000118	0	Rome
		44.656143	10.929725	Via Manfredo Fanti				Modena			41122	Italia	IT	European Union	charging_station	Enel	yes	HERA_00000016	FINISHED	MAINTENANCE	0	Fanti	41122	HERA_00000016	Emilia Romagna	N.11ZP21T2B01C000027	0	Modena
		45.50827	12.228906	Via Gabriel Bella				Venezia			30174	Italia	IT	European Union	charging_station	Enel	yes	ENEL_00000440	FINISHED	MAINTENANCE	0	Bella	30174	ENEL_00000440	Veneto	N.11EP21T2302E000239	0	Venice
4295717915	7	43.7101	10.42166	Via Luigi Russo				Pisa			56124	Italia	IT	European Union	charging_station	Enel	yes	ENEL_00000076	FINISHED	ACTIVE	0	Via Luigi Russo	0	ENEL_00000076	Tuscany	N.10EP21T2302A000027	0	Pisa
4295717916	7	43.71754	10.40905	Via Mario Lalli				Pisa			56127	Italia	IT	European Union	charging_station	Enel	yes	ENEL_00000457	FINISHED	ACTIVE	0	Lalli	0	ENEL_00000457	Tuscany	N.11EP21T2301C000013	0	Pisa
4295717917	7	44.067314	12.582391	Piazzale John Fitzgerald Kennedy				Rimini			47921	Italia	IT	European Union	charging_station	Enel	yes	ENEL_00000501	FINISHED	ACTIVE	0	Kennedy monte	47921	ENEL_00000501	Emilia Romagna	N.12EP21T2301H000033	0	Rimini
4295717918	7	41.894337	12.438114	Piazza Pio XI				Roma			165	Italia	IT	European Union	charging_station	Enel	yes	ENEL_00000410	FINISHED	ACTIVE	0	Pio XI	165	ENEL_00000410	Lazio	N.11CP21T2B01C000002	0	Rome
		43.0967	12.3862	Via Palermo				Perugia			6126	Italia	IT	European Union	charging_station	Enel	yes	ENEL_00000427	FINISHED	MAINTENANCE	0	Palermo	6124	ENEL_00000427	Umbria	N.11EP21T2301C000043	0	Perugia
4295717919	7	43.1088	12.35966	Pian di Massiano				Perugia			6125	Italia	IT	European Union	charging_station	Enel	yes	ENEL_00000534	FINISHED	ACTIVE	0	Minimetrò 2	6100	ENEL_00000534	Umbria	N.10EP21T2302A000022	0	Perugia
4295717920	7	44.078697	12.552449	Via Toscanelli				Rimini			47921	Italia	IT	European Union	charging_station	Enel	yes	ENEL_00000538	FINISHED	ACTIVE	0	Toscanelli1	47922	ENEL_00000538	Emilia Romagna	N.12EP21T2301H000040	0	Rimini
		45.50347	9.0881	Via Enrico Fermi				Pero			20016	Italia	IT	European Union	charging_station	Enel	yes	ENEL_00000548	FINISHED	MAINTENANCE	0	Europe Ass 3	0	ENEL_00000548	Lombardy	N.12ZP21T2B01C000010	0	Milan
4295717921	7	41.90653	12.456672	Piazza del Risorgimento				Roma			193	Italia	IT	European Union	charging_station	Enel	yes	EnEnergia_00000010	FINISHED	ACTIVE	0	Risorgimento 2	0	EnEnergia_00000010	Lazio	N.10CP21T2B02A000057	0	Rome
4295717922	7	41.13527	16.84378	Corso Vittorio Veneto				Bari			70123	Italia	IT	European Union	charging_station	Enel	yes	ENEL_00000593	FINISHED	ACTIVE	0	2 Fiera Levante	70123	ENEL_00000593	Puglia	N.13EP21T2301H000010	0	Bari
4295717923	7	41.13361	16.84186	Viale Vittorio Emanuele Orlando				Bari			70123	Italia	IT	European Union	charging_station	Enel	yes	ENEL_00000587	FINISHED	ACTIVE	0	2 AQP	70123	ENEL_00000587	Puglia	N.12EP21T2301H000059	0	Bari
4295717924	7	43.18502	12.145267	Via Giappesi				Passignano sul Trasimeno				Italia	IT	European Union	charging_station	Enel	yes	ENEL_00000425	FINISHED	ACTIVE	0	Giappesi	6065	ENEL_00000425	Umbria	N.11EP21T2301C000040	0	Perugia
		44.658108	10.91861	Via Razzaboni				Modena			41122	Italia	IT	European Union	charging_station	Enel	yes	HERA_00000015	FINISHED	MAINTENANCE	0	Razzaboni	41122	HERA_00000015	Emilia Romagna	N.11ZP21T2B01C000026	0	Modena
4295717925	7	43.116	12.382	Via Annibale Vecchi				Perugia			6123	Italia	IT	European Union	charging_station	Enel	yes	ENEL_00000498	FINISHED	ACTIVE	0	Annibale Vecchi	6124	ENEL_00000498	Umbria	N.10EP21T2302A000026	0	Perugia
		44.50874	11.33185	Via de' Carracci				Bologna			40131	Italia	IT	European Union	charging_station	Enel	yes	ENEL_00000479	FINISHED	MAINTENANCE	0	Carracci - BO	40129	ENEL_00000479	Emilia Romagna	N.12EP21T2301C000002	0	Bologna
4295717926	7	44.078697	12.552449	Via Toscanelli				Rimini			47921	Italia	IT	European Union	charging_station	Enel	yes	ENEL_00000539	FINISHED	ACTIVE	0	Toscanelli2	47922	ENEL_00000539	Emilia Romagna	N.12EP21T2301H000042	0	Rimini
		41.852932	12.568434	Piazza di Cinecittà				Roma			173	Italia	IT	European Union	charging_station	Enel	yes	EnEnergia_00000003	FINISHED	MAINTENANCE	0	Cinecittà 2	0	EnEnergia_00000003	Lazio	N.13CP21T2B01H000005	0	Rome
		44.48736	11.35675	Via Dante				Bologna			40125	Italia	IT	European Union	charging_station	Enel	yes	ENEL_00000559	FINISHED	MAINTENANCE	0	Dante 2	40125	ENEL_00000559	Emilia Romagna	N.12EP21T2301H000024	0	Bologna
4295717927	7	41.09641	16.86754	Via Giulio Petroni				Bari			70124	Italia	IT	European Union	charging_station	Enel	yes	ENEL_00000604	FINISHED	ACTIVE	0	Petroni 2	70122	ENEL_00000604	Puglia	N.13EP21T2301H000018	0	Bari
4295717928	7	43.6741	10.477	Via Nugolaio				Cascina			56021	Italia	IT	European Union	charging_station	Enel	yes	ENEL_00000218	FINISHED	ACTIVE	0	Nugolaio-Ipercoop Navacchio 2	57019	ENEL_00000218	Tuscany	N.11EP21T2302C000160	0	Pisa
4295717929	7	41.889816	12.474171	Piazza Giuseppe Gioacchino Belli				Roma			186	Italia	IT	European Union	charging_station	Enel	yes	ENEL_00000198	FINISHED	ACTIVE	0	Piazza Giuseppe Gioacchino Belli 2	153	ENEL_00000198	Lazio	N.10CP21T2B02B000072	0	Rome
4295717930	7	43.76865	11.25687	Via Ninna				Firenze			50122	Italia	IT	European Union	charging_station	Enel	yes	ENEL_00000423	FINISHED	ACTIVE	0	Ninna	50100	ENEL_00000423	Tuscany	N.11EP21T2301C000048	0	Florence
4295717931	7	43.71018	10.42165	Via Luigi Russo				Pisa			56124	Italia	IT	European Union	charging_station	Enel	yes	ENEL_00000077	FINISHED	ACTIVE	0	Via Luigi Russo	0	ENEL_00000077	Tuscany	N.10EP21T2302A000021	0	Pisa
		44.6355	10.938614	Via Marzabotto				Modena			41122	Italia	IT	European Union	charging_station	Enel	yes	HERA_00000012	FINISHED	MAINTENANCE	0	Marzabotto	41125	HERA_00000012	Emilia Romagna	N.11ZP21T2B01C000009	0	Modena
4295717932	7	41.884445	12.509524	Via Magnagrecia				Roma			183	Italia	IT	European Union	charging_station	Enel	yes	ENEL_00000120	FINISHED	ACTIVE	0	Via Magna Grecia 33	0	ENEL_00000120	Lazio	N.10CP21T2B02A000058	0	Rome
4295717933	7	44.41497	8.92845	Via Brignole de Ferrari				Genova			16126	Italia	IT	European Union	charging_station	Enel	yes	ENEL_00000458	FINISHED	ACTIVE	0	PE Genova	16125	ENEL_00000458	Liguria	N.11EP21T2301C000022	0	Genova
4295717934	7	43.714928	10.420894	Via Manara Valgimigli				Pisa			56127	Italia	IT	European Union	charging_station	Enel	yes	ENEL_00000377	FINISHED	ACTIVE	0	Valgimigli - Coop1	56124	ENEL_00000377	Tuscany	N.10EP21T2302B000115	0	Pisa
4295717935	7	44.63037	10.95069	Via Glauco Gottardi				Modena			41122	Italia	IT	European Union	charging_station	Enel	yes	HERA_00000018	FINISHED	ACTIVE	0	Gottardi	41125	HERA_00000018	Emilia Romagna	N.11ZP21T2B01C000024	0	Modena
4295717936	7	43.12	12.39	Strada Comunale Bulagaio				Perugia			6123	Italia	IT	European Union	charging_station	Enel	yes	ENEL_00000469	FINISHED	ACTIVE	0	BULAGAIO	6125	ENEL_00000469	Umbria	N.11EP21T2301C000033	0	Perugia
4295717937	7	44.06732	12.582405	Piazzale John Fitzgerald Kennedy				Rimini			47921	Italia	IT	European Union	charging_station	Enel	yes	ENEL_00000502	FINISHED	ACTIVE	0	Kennedy mare	47921	ENEL_00000502	Emilia Romagna	N.12EP21T2301H000032	0	Rimini
4295718384	6	41.12615	16.86814	corso Vittorio Emanuele				Bari			70122	Italia	IT	European Union	charging_station	Enel	yes	ENEL_00000605	FINISHED	ACTIVE	0	Vittorio Emanuele	70122	ENEL_00000605	Puglia	N.13EP21T2301H000017	0	Bari
4295717938	7	43.70517	10.40137	Piazza Giuseppe Giusti				Pisa			56125	Italia	IT	European Union	charging_station	Enel	yes	ENEL_00000203	FINISHED	ACTIVE	0	Piazza Giuseppe Giusti	56121	ENEL_00000203	Tuscany	N.10EP21T2302B000114	0	Pisa
		41.90633	12.41451	Via Mattia Battistini				Roma			166	Italia	IT	European Union	charging_station	Enel	yes	ENEL_00000381	FINISHED	MAINTENANCE	0	Battistini 1	167	ENEL_00000381	Lazio	N.11CP21T2B02C000117	0	Rome
4295717939	7	44.35483	11.710111	Via Caterina Sforza				Imola			40026	Italia	IT	European Union	charging_station	Enel	yes	HERA_00000001	FINISHED	ACTIVE	0	Via Caterina Sforza 5	40026	HERA_00000001	Emilia Romagna	N.11ZP21T2B01C000004	0	Bologna
4295717940	7	44.83822	11.61883	Piazza Castello				Ferrara			44121	Italia	IT	European Union	charging_station	Enel	yes	ENEL_00000540	FINISHED	ACTIVE	0	Castello	44121	ENEL_00000540	Emilia Romagna	N.12EP21T2301H000026	0	Ferrara
4295717941	7	43.10866	12.38778	Largo della Libertà				Perugia			6100	Italia	IT	European Union	charging_station	Enel	yes	ENEL_00000552	FINISHED	ACTIVE	0	Libertà 1	6122	ENEL_00000552	Umbria	N.11EP21T2302C000185	0	Perugia
4295717942	7	41.12609	16.86802	Corso Vittorio Emanuele				Bari			70122	Italia	IT	European Union	charging_station	Enel	yes	ENEL_00000602	FINISHED	ACTIVE	0	Vittorio Emanuele	70122	ENEL_00000602	Puglia	N.13EP21T2301H000015	0	Bari
4295717943	7	41.848648	12.59763	Via Bernardino Alimena				Roma			173	Italia	IT	European Union	charging_station	Enel	yes	ENEL_00000164	FINISHED	ACTIVE	0	Alimena 1	0	ENEL_00000164	Lazio	N.11CP21T2B02C000102	0	Rome
4295717944	7	41.91594	12.503041	Viale Regina Margherita				Roma			198	Italia	IT	European Union	charging_station	Enel	yes	EnEnergia_00000005	FINISHED	ACTIVE	0	Punto Enel	0	EnEnergia_00000005	Lazio	N.13CP21T2B01H000006	0	Rome
4295718391	2	41.91582	12.464369	Piazza Giuseppe Mazzini				Roma			196	Italia	IT	European Union	charging_station	Enel	yes	ENEL_00000317	FINISHED	ACTIVE	0	Mazzini 1	195	ENEL_00000317	Lazio	N.11CP21T2B02C000116	0	Rome
4295717945	7	41.94563	12.553344	Via Ugo Ojetti				Roma			137	Italia	IT	European Union	charging_station	Enel	yes	ENEL_00000483	FINISHED	ACTIVE	0	Ojetti 2	137	ENEL_00000483	Lazio	N.11CP21T2B02C000107	0	Rome
4295717946	7	41.73014	12.275541	Lungomare Paolo Toscanelli				Roma			121	Italia	IT	European Union	charging_station	Enel	yes	EnEnergia_00000004	FINISHED	ACTIVE	0	Anco Marzio	0	EnEnergia_00000004	Lazio	N.13CP21T2B01H000004	0	Rome
4295717947	7	41.13591	16.773378	Viale Enzo Ferrari				Bari				Italia	IT	European Union	charging_station	Enel	yes	ENEL_00000584	FINISHED	ACTIVE	0	aeroporto 02	70128	ENEL_00000584	Puglia	N.13EP21T2301H000004	0	Bari
4295717948	7	41.916668	12.502221	Viale Regina Margherita				Roma			198	Italia	IT	European Union	charging_station	Enel	yes	ENEL_00000307	FINISHED	ACTIVE	0	Regina Margherita 1	198	ENEL_00000307	Lazio	N.11CP21T2B01C000008	0	Rome
4295717949	7	41.904217	12.485635	Via Francesco Crispi				Roma			187	Italia	IT	European Union	charging_station	Enel	yes	ENEL_00000075	FINISHED	ACTIVE	0	Car Sharing - Crispi 1	0	ENEL_00000075	Lazio	N.10CP21T2B02A000048	0	Rome
4295717950	7	43.711647	10.397049	Via Francesco Crispi				Pisa			56125	Italia	IT	European Union	charging_station	Enel	yes	ENEL_00000042	FINISHED	ACTIVE	0	via Crispi 72	0	ENEL_00000042	Tuscany	N.10EP21T2302A000010	0	Pisa
4295717951	7	41.93037	12.463533	Piazza Mancini				Roma			196	Italia	IT	European Union	charging_station	Enel	yes	ENEL_00000232	ACTIVE	ACTIVE	10000786	Mancini 2	196	ENEL_00000232	Lazio	N.11CP21T2B02C000092	0	Rome
4295717952	7	41.8676	12.494545	Via Antoniotto Usodimare				Roma			154	Italia	IT	European Union	charging_station	Enel	yes	ENEL_00000475	FINISHED	ACTIVE	0	Via Antoniotto Usodimare	154	ENEL_00000475	Lazio	N.11CP21T2B01C000023	0	Rome
4295718383	6	41.869125	12.495768	Via Cristoforo Colombo				Roma			154	Italia	IT	European Union	charging_station	Enel	yes	ENEL_00000482	ACTIVE	ACTIVE	2368795	Colombo 2	154	ENEL_00000482	Lazio	N.11CP21T2B01C000025	0	Rome
4295718387	5	44.49413	11.33997	Piazza Franklin Delano Roosvelt				Bologna			40123	Italia	IT	European Union	charging_station	Enel	yes	ENEL_00000532	FINISHED	ACTIVE	0	Roosevelt	0	ENEL_00000532	Emilia Romagna	N.12EP21T2301H000022	0	Bologna
4295717953	7	43.46273	11.877421	Via Guido Monaco				Arezzo			52100	Italia	IT	European Union	charging_station	Enel	yes	ENEL_00000566	FINISHED	ACTIVE	0	Monaco	52100	ENEL_00000566	Tuscany	N.13EP22T5311F000017	0	Arezzo
4295717954	7	43.95825	10.16997	Piazza Marconi				Forte dei Marmi			54038	Italia	IT	European Union	charging_station	Enel	yes	ENEL_00000589	FINISHED	ACTIVE	0	Marconi	55042	ENEL_00000589	Tuscany	N.13EP22T5311F000013	0	Lucca
4295717955	7	44.69987	10.626468	Piazza Gioberti				Reggio nell'Emilia			42124	Italia	IT	European Union	charging_station	Enel	yes	ENEL_00000451	FINISHED	ACTIVE	0	Gioberti 1 seconda	42121	ENEL_00000451	Emilia Romagna	N.11EP21T2302E000227	0	Reggio Emilia
4295717956	7	43.11	12.38	Piazza Francesco Morlacchi				Perugia			6100	Italia	IT	European Union	charging_station	Enel	yes	ENEL_00000471	ACTIVE	ACTIVE	7093782	MORLACCHI	6123	ENEL_00000471	Umbria	N.11EP21T2301C000036	0	Perugia
4295717957	7	43.72136	10.40338	Via Santa Caterina				Pisa			56127	Italia	IT	European Union	charging_station	Enel	yes	ENEL_00000280	FINISHED	ACTIVE	0	S.Caterina1	56127	ENEL_00000280	Tuscany	N.11EP21T2302C000179	0	Pisa
4295717958	7	41.8819	12.494709	Piazza di Porta Metronia				Roma			asfa	Italia	IT	European Union	charging_station	Enel	yes	ENEL_00000300	FINISHED	ACTIVE	0	Assessorato all?Ambiente-Comune di Roma 2	183	ENEL_00000300	Lazio	N.10CP21T2B02A000056	0	Rome
		41.85953	12.495063	Via Giovanni Genocchi				Roma			145	Italia	IT	European Union	charging_station	Enel	yes	ENEL_00000374	FINISHED	MAINTENANCE	0	Genocchi 1	145	ENEL_00000374	Lazio	N.11CP21T2B02C000122	0	Rome
4295717959	7	43.70762	10.43242	Via Puglia				Pisa			56124	Italia	IT	European Union	charging_station	Enel	yes	ENEL_00000394	FINISHED	ACTIVE	0	Puglia 2 (ACI)	56124	ENEL_00000394	Tuscany	N.11EP21T2301C000009	0	Pisa
4295717960	7	44.70481	10.624132	Viale Trento Trieste				Reggio nell'Emilia			42124	Italia	IT	European Union	charging_station	Enel	yes	ENEL_00000491	FINISHED	ACTIVE	0	Trento Trieste	42124	ENEL_00000491	Emilia Romagna	N.11EP21T2302E000224	0	Reggio Emilia
4295717961	7	43.71377	10.4093	Piazza San Silvestro				Pisa			56127	Italia	IT	European Union	charging_station	Enel	yes	ENEL_00000081	FINISHED	ACTIVE	0	Piazza San Silvestro	0	ENEL_00000081	Tuscany	N.10EP21T2302A000007	0	Pisa
4295717962	7	43.65151	10.28458	Via Litoranea				Pisa				Italia	IT	European Union	charging_station	Enel	yes	ENEL_00000292	FINISHED	ACTIVE	0	Bagno Vittoria	56128	ENEL_00000292	Tuscany	N.11EP21T2302C000184	0	Pisa
4295717963	7	44.695763	10.628965	Piazza Roversi				Reggio nell'Emilia			42122	Italia	IT	European Union	charging_station	Enel	yes	ENEL_00000472	FINISHED	ACTIVE	0	ROVERSI	42121	ENEL_00000472	Emilia Romagna	N.11EP21T2302E000217	0	Reggio Emilia
4295717964	7	43.72592	10.397893	Via Piave				Pisa			56126	Italia	IT	European Union	charging_station	Enel	yes	ENEL_00000083	FINISHED	ACTIVE	0	Via Piave	0	ENEL_00000083	Tuscany	N.10EP21T2302A000016	0	Pisa
4295717965	7	41.89347	12.488625	Largo Corrado Ricci				Roma			184	Italia	IT	European Union	charging_station	Enel	yes	ENEL_00000251	FINISHED	ACTIVE	0	Ricci	0	ENEL_00000251	Lazio	N.11CP21T2B02C000097	0	Rome
4295717966	7	41.884666	12.509721	Via Magnagrecia				Roma			183	Italia	IT	European Union	charging_station	Enel	yes	ENEL_00000121	FINISHED	ACTIVE	0	Via Magna Grecia 33	0	ENEL_00000121	Lazio	N.10CP21T2B02A000059	0	Rome
		45.50347	9.0881	Via Enrico Fermi				Pero			20016	Italia	IT	European Union	charging_station	Enel	yes	ENEL_00000549	FINISHED	MAINTENANCE	0	Europe Ass 4	0	ENEL_00000549	Lombardy	N.12ZP21T2B01C000011	0	Milan
4295717967	7	43.10883	12.35966	Località Pian di Massiano				Perugia			6125	Italia	IT	European Union	charging_station	Enel	yes	ENEL_00000567	FINISHED	ACTIVE	0	pian di massiano	0	ENEL_00000567	Umbria	N.13EP22T5311F000002	0	Perugia
		41.08902	16.89681	Via Caduti del Lavoro (Ikea)				Bari			70125	Italia	IT	European Union	charging_station	Enel	yes	ENEL_00000608	FINISHED	INSTALLED	0	Caduti del Lavoro 2	70126	ENEL_00000608	Puglia	N.13EP21T2301H000013	0	Bari
4295717968	7	45.40658	9.15065	Viale Milano Fiori				Assago			20142	Italia	IT	European Union	charging_station	Enel	yes	ENEL_00000387	FINISHED	ACTIVE	0	Milanofiori_1	20090	ENEL_00000387	Lombardy	N.11EP21T2301C000020	0	Milan
		45.56281	9.02897	Via Rho				Lainate			20020	Italia	IT	European Union	charging_station	Enel	yes	ENEL_00000070	FINISHED	MAINTENANCE	0	Via Rho 1	0	ENEL_00000070	Lombardy	N.10EP21T2302B000107	0	Milan
4295717969	7	43.104397	12.375783	Piazza Vittorio Veneto				Perugia			6100	Italia	IT	European Union	charging_station	Enel	yes	ENEL_00000421	FINISHED	ACTIVE	0	Veneto 1	6124	ENEL_00000421	Umbria	N.11EP21T2301C000038	0	Perugia
		45.56278	9.0289	Via Rho				Lainate			20020	Italia	IT	European Union	charging_station	Enel	yes	ENEL_00000529	FINISHED	MAINTENANCE	0	Via Rho 1	0	ENEL_00000529	Lombardy	N.10EP21T2302B000108	0	Milan
		41.868732	12.491937	Via Capitan Bavastro				Roma			154	Italia	IT	European Union	charging_station	Enel	yes	ENEL_00000304	FINISHED	MAINTENANCE	0	Capitan Bavastro	154	ENEL_00000304	Lazio	N.11CP21T2B01C000005	0	Rome
4295717970	7	41.903156	12.494502	Via Torino				Roma			139	Italia	IT	European Union	charging_station	Enel	yes	ENEL_00000417	FINISHED	ACTIVE	0	Torino	184	ENEL_00000417	Lazio	N.11CP21T2B01C000020	0	Rome
4295717971	7	44.41641	8.92264	Piazza Acquaverde				Genova			16126	Italia	IT	European Union	charging_station	Enel	yes	ENEL_00000510	FINISHED	ACTIVE	0	AEEG242 5 Acquaverde	16126	ENEL_00000510	Liguria	N.12EP21T2301H000013	0	Genova
4295717972	7	43.10694	12.36373	via del Tabacchificio				Perugia			6123	Italia	IT	European Union	charging_station	Enel	yes	ENEL_00000531	FINISHED	ACTIVE	0	tabacchificio	6100	ENEL_00000531	Umbria	N.11EP21T2301C000006	0	Perugia
4295717973	7	43.09115	12.43702	via Nino Bixio				Perugia			6154	Italia	IT	European Union	charging_station	Enel	yes	ENEL_00000568	FINISHED	ACTIVE	0	bixio2	6135	ENEL_00000568	Umbria	N.11EP21T2302C000169	0	Perugia
4295717974	7	41.91007	12.475162	Via Principessa Clotilde				Roma			196	Italia	IT	European Union	charging_station	Enel	yes	ENEL_00000400	FINISHED	ACTIVE	0	Car sharing 2	196	ENEL_00000400	Lazio	N.10CP21T2B02B000066	0	Rome
		44.51266	11.34971	Via di Saliceto				Bologna			40128	Italia	IT	European Union	charging_station	Enel	yes	ENEL_00000466	FINISHED	MAINTENANCE	0	BO-SALICETO	40128	ENEL_00000466	Emilia Romagna	N.11EP21T2301C000057	0	Bologna
		41.902493	12.477073	Via dei Prefetti				Roma			188	Italia	IT	European Union	charging_station	Enel	yes	EnEnergia_00000009	FINISHED	MAINTENANCE	0	Car Sharing - Prefetti	186	EnEnergia_00000009	Lazio	N.13CP21T2B01H000011	0	Rome
4295717975	7	41.11139	16.88298	Via Giovanni Amendola				Bari			70126	Italia	IT	European Union	charging_station	Enel	yes	ENEL_00000585	FINISHED	ACTIVE	0	Politecnico 2	70126	ENEL_00000585	Puglia	N.13EP21T2301H000001	0	Bari
4295717976	7	41.11308	16.898666	Viale Japigia				Bari			70126	Italia	IT	European Union	charging_station	Enel	yes	ENEL_00000580	FINISHED	ACTIVE	0	Bari 006	70126	ENEL_00000580	Puglia	N.12EP21T2301H000055	0	Bari
4295717977	7	43.720905	10.389187	via Diotisalvi				Pisa			56100	Italia	IT	European Union	charging_station	Enel	yes	ENEL_00000030	FINISHED	ACTIVE	0	via Diotisalvi 2	0	ENEL_00000030	Tuscany	N.10EP21T2302A000019	0	Pisa
4295717978	7	44.36	11.719722	Via Cogne				Imola			40026	Italia	IT	European Union	charging_station	Enel	yes	HERA_00000010	FINISHED	ACTIVE	0	Cogne	40026	HERA_00000010	Emilia Romagna	N.11ZP21T2B01C000030	0	Bologna
4295717979	7	43.099834	12.369485	Via Armando Diaz				Perugia			6126	Italia	IT	European Union	charging_station	Enel	yes	ENEL_00000413	FINISHED	ACTIVE	0	Diaz	6128	ENEL_00000413	Umbria	N.11EP21T2301C000014	0	Perugia
		38.1393	13.3495	Via Marchese di Villabianca				Palermo			90143	Italia	IT	European Union	charging_station	Enel	yes	ENEL_00000435	FINISHED	MAINTENANCE	0	PE Parlermo	90100	ENEL_00000435	Sicily	N.11EP21T2301C000049	0	Palermo
4295717980	7	43.71096	10.39152	Via Porta a Mare				Pisa			56125	Italia	IT	European Union	charging_station	Enel	yes	ENEL_00000210	FINISHED	ACTIVE	0	Via Porta a Mare 23	0	ENEL_00000210	Tuscany	N.10EP21T2302B000113	0	Pisa
4295717981	7	45.43903	12.31248	Rampa San Basilio				Venezia			30123	Italia	IT	European Union	charging_station	Enel	yes	ENEL_00000351	FINISHED	ACTIVE	0	fabbricato_238	30135	ENEL_00000351	Veneto	N.11EP21T2301C000026	0	Venice
4295717982	7	43.7099	10.3994	Via Gian Battista Queirolo				Pisa			56125	Italia	IT	European Union	charging_station	Enel	yes	ENEL_00000363	FINISHED	ACTIVE	0	Queirolo	56125	ENEL_00000363	Tuscany	N.11EP21T2301C000016	0	Pisa
4295717983	7	43.6715	10.27455	Via Duodo Duodi				Pisa				Italia	IT	European Union	charging_station	Enel	yes	ENEL_00000288	FINISHED	ACTIVE	0	Duodi 2	56128	ENEL_00000288	Tuscany	N.11EP21T2302C000180	0	Pisa
4295717984	7	44.063004	12.586901	Via  Le Notti di Cabiria				Rimini			47924	Italia	IT	European Union	charging_station	Enel	yes	ENEL_00000569	FINISHED	ACTIVE	0	Cabiria mare	47921	ENEL_00000569	Emilia Romagna	N.13EP22T5311F000009	0	Rimini
		41.08901	16.89684	Via Caduti del Lavoro (Ikea)				Bari			70125	Italia	IT	European Union	charging_station	Enel	yes	ENEL_00000607	FINISHED	INSTALLED	0	Caduti del Lavoro 1	70126	ENEL_00000607	Puglia	N.13EP21T2301H000006	0	Bari
4295717985	7	45.054253	9.695491	Via Camillo Cavour				Piacenza			29121	Italia	IT	European Union	charging_station	Enel	yes	ENEL_00000364	FINISHED	ACTIVE	0	Cavour 2	29121	ENEL_00000364	Emilia Romagna	N.11EP21T2302E000236	0	Piacenza
4295717986	7	41.8746	12.48568	Via dei Verbiti				Roma			154	Italia	IT	European Union	charging_station	Enel	yes	ENEL_00000158	FINISHED	ACTIVE	0	Via dei Verbiti	0	ENEL_00000158	Lazio	N.10CP21T2B02B000065	0	Rome
		41.832607	12.462608	Viale Europa incrocio Largo Apollinare				Roma			144	Italia	IT	European Union	charging_station	Enel	yes	ENEL_00000489	FINISHED	MAINTENANCE	0	apollinare	144	ENEL_00000489	Lazio	N.11CP21T2B01C000028	0	Rome
		43.70518	10.40137	Piazza Giusti				Pisa			56125	Italia	IT	European Union	charging_station	Enel	yes	ENEL_00000599	FINISHED	INSTALLED	0	Giusti	0	ENEL_00000599	Tuscany	N.10EP21T2302B000111	0	Pisa
4295717987	7	41.874233	12.486341	Via dei Verbiti				Roma			154	Italia	IT	European Union	charging_station	Enel	yes	ENEL_00000314	FINISHED	ACTIVE	0	Car Sharing - Verbiti 2	0	ENEL_00000314	Lazio	N.11CP21T2B02C000105	0	Rome
4295717988	7	44.715664	10.163817	Viale Rodolfo Morandi				Reggio Nell'Emilia			43014	Italia	IT	European Union	charging_station	Enel	yes	ENEL_00000349	FINISHED	ACTIVE	0	Morandi	42124	ENEL_00000349	Emilia Romagna	N.11EP21T2302E000223	0	Reggio Emilia
	2	44.40127	8.94129	Via Alessandro Volta				Genova			16128	Italia	IT	European Union	charging_station	Enel	yes	ENEL_00000517	FINISHED	MAINTENANCE	0	AEEG242 12 Volta	16100	ENEL_00000517	Liguria	N.12EP21T2301H000010	0	Genova
4295717990	7	43.119	12.398	Piazza Sant'Erminio				Perugia			6100	Italia	IT	European Union	charging_station	Enel	yes	ENEL_00000494	FINISHED	ACTIVE	0	S.Erminio	6122	ENEL_00000494	Umbria	N.11EP21T2301C000002	0	Perugia
		41.895752	12.455734	Via della Stazione di San Pietro				Roma			192	Italia	IT	European Union	charging_station	Enel	yes	ENEL_00000499	FINISHED	MAINTENANCE	0	Municipio XVIII 1	165	ENEL_00000499	Lazio	N.11CP21T2B01C000029	0	Rome
4295717991	7	44.40759	8.93237	piazza Matteotti				Genova			16123	Italia	IT	European Union	charging_station	Enel	yes	ENEL_00000550	ACTIVE	ACTIVE	56953798	Matteotti	0	ENEL_00000550	Liguria	N.12EP21T2301H000008	0	Genova
4295717992	7	43.080906	12.35507	Piazzale Giorgio Menghini				Perugia			6126	Italia	IT	European Union	charging_station	Enel	yes	ENEL_00000412	FINISHED	ACTIVE	0	Dottori	6132	ENEL_00000412	Umbria	N.11EP21T2301C000031	0	Perugia
4295717993	7	43.71098	10.39154	Via Porta a mare				Pisa			56125	Italia	IT	European Union	charging_station	Enel	yes	ENEL_00000096	FINISHED	ACTIVE	0	Via Porta a mare 23	0	ENEL_00000096	Tuscany	N.10EP21T2302B000112	0	Pisa
4295717994	7	45.40664	9.150973	Viale Milano Fiori				Assago			20142	Italia	IT	European Union	charging_station	Enel	yes	ENEL_00000388	FINISHED	ACTIVE	0	Milanofiori_2	20090	ENEL_00000388	Lombardy	N.11EP21T2301C000021	0	Milan
4295717995	7	45.50773	12.22772	Via Gabriel Bella				Venezia			30171	Italia	IT	European Union	charging_station	Enel	yes	ENEL_00000395	FINISHED	ACTIVE	0	Gabriel Bella	30175	ENEL_00000395	Veneto	N.11EP21T2302E000240	0	Venice
4295717996	7	43.71636	10.39446	Piazza Solferino				Pisa			56126	Italia	IT	European Union	charging_station	Enel	yes	ENEL_00000206	FINISHED	ACTIVE	0	Piazza Solferino	56126	ENEL_00000206	Tuscany	N.10EP21T2302A000042	0	Pisa
4295717997	7	43.62738	10.290987	Piazza Belvedere				Pisa				Italia	IT	European Union	charging_station	Enel	yes	ENEL_00000290	FINISHED	ACTIVE	0	Belvedere 2	56128	ENEL_00000290	Tuscany	N.11EP21T2302C000182	0	Pisa
4295717998	7	43.71488	10.4208	Via Manara Valgimigli				Pisa			56127	Italia	IT	European Union	charging_station	Enel	yes	ENEL_00000378	FINISHED	ACTIVE	0	Valgimigli - Coop 1	56124	ENEL_00000378	Tuscany	N.11EP21T2301C000012	0	Pisa
		44.694416	10.609807	Via Clementi				Reggio nell'Emilia			42123	Italia	IT	European Union	charging_station	Enel	yes	ENEL_00000528	FINISHED	MAINTENANCE	0	Clementi	42124	ENEL_00000528	Emilia Romagna	N.12EP21T2301H000029	0	Reggio Emilia
4295717999	7	44.40719	8.93638	Via Ettore Vernazza				Genova			16121	Italia	IT	European Union	charging_station	Enel	yes	ENEL_00000506	FINISHED	ACTIVE	0	AEEG242 1 Vernazza	16100	ENEL_00000506	Liguria	N.12EP21T2301H000011	0	Genova
4295718000	7	41.881905	12.494602	Piazza di Porta Metronia				Roma			asfa	Italia	IT	European Union	charging_station	Enel	yes	ENEL_00000299	FINISHED	ACTIVE	0	Assessorato all?Ambiente-Comune di Roma 1	183	ENEL_00000299	Lazio	N.11CP21T2B02C000129	0	Rome
		44.4113	8.938662	Piazza Marsala				Genova			16124	Italia	IT	European Union	charging_station	Enel	yes	ENEL_00000519	FINISHED	PLANNED	0	Car Sharing 14 Marsala	16122	ENEL_00000519	Liguria		0	Genova
4295718001	7	41.1036	16.91204	Via Arturo Toscanini				Bari			70126	Italia	IT	European Union	charging_station	Enel	yes	ENEL_00000582	FINISHED	ACTIVE	0	Bari004	70126	ENEL_00000582	Puglia	N.12EP21T2301H000057	0	Bari
		43.674816	10.401302	Via Nugolaio - Ipercoop				Cascina			56121	Italia	IT	European Union	charging_station	Enel	yes	ENEL_00000601	FINISHED	INSTALLED	0	Ipercoop Navacchio	0	ENEL_00000601	Tuscany	N.10EP21T2302A000039	0	Pisa
4295718002	7	44.698116	10.630939	via Vittorio Veneto				Reggio nell'Emilia			42124	Italia	IT	European Union	charging_station	Enel	yes	UNILE_00000003	FINISHED	ACTIVE	0	VitVenetoReggioEmilia	42121	UNILE_00000003	Emilia Romagna	N.11EP21T2302E000226	0	Reggio Emilia
		44.498974	11.344902	Via Augusto Righi				Bologna			40126	Italia	IT	European Union	charging_station	Enel	yes	ENEL_00000573	FINISHED	MAINTENANCE	0	Righi	0	ENEL_00000573	Emilia Romagna	N.11EP21T2301C000054	0	Bologna
4295718003	7	44.048702	12.602251	Piazzale Gondar				Rimini			47920	Italia	IT	European Union	charging_station	Enel	yes	ENEL_00000572	FINISHED	ACTIVE	0	Piazzale Gondar	47922	ENEL_00000572	Emilia Romagna	N.13EP22T5311F000010	0	Rimini
		44.064533	12.571911	Piazzale Cesare Battisti				Rimini			47921	Italia	IT	European Union	charging_station	Enel	yes	ENEL_00000595	FINISHED	INSTALLED	0	Battisti 2	47900	ENEL_00000595	Emilia Romagna	N.12EP21T2301H000045	0	Rimini
		43.728657	10.389432	via Pietrasantina				Pisa			56100	Italia	IT	European Union	charging_station	Enel	yes	ENEL_00000034	FINISHED	MAINTENANCE	0	via Pietrasantina	0	ENEL_00000034	Tuscany	N.10EP21T2302A000038	0	Pisa
4295718004	7	43.71605	10.39516	Piazza Solferino				Pisa			56125	Italia	IT	European Union	charging_station	Enel	yes	ENEL_00000205	FINISHED	ACTIVE	0	Piazza Solferino	56126	ENEL_00000205	Tuscany	N.10EP21T2302A000043	0	Pisa
4295718005	7	44.700424	10.635086	Piazza Popol Giust				Reggio nell'Emilia			42124	Italia	IT	European Union	charging_station	Enel	yes	ENEL_00000438	FINISHED	ACTIVE	0	PiazzaGiust	42124	ENEL_00000438	Emilia Romagna	N.11EP21T2302E000229	0	Reggio Emilia
4295718386	6	41.1114	16.88296	Via Giovanni Amendola				Bari			70126	Italia	IT	European Union	charging_station	Enel	yes	ENEL_00000579	FINISHED	ACTIVE	0	Bari 008	70126	ENEL_00000579	Puglia	N.13EP21T2301H000002	0	Bari
4295718006	7	43.0991	12.384	via Ruggia				Perugia			6126	Italia	IT	European Union	charging_station	Enel	yes	ENEL_00000335	FINISHED	ACTIVE	0	Ruggia	6124	ENEL_00000335	Umbria	N.10EP21T2302A000030	0	Perugia
4295718007	7	41.93037	12.463533	Piazza Mancini				Roma			196	Italia	IT	European Union	charging_station	Enel	yes	ENEL_00000231	FINISHED	ACTIVE	0	Mancini 1	196	ENEL_00000231	Lazio	N.11CP21T2B02C000091	0	Rome
	4	44.50946	11.36249	Viale Aldo Moro				Bologna			40127	Italia	IT	European Union	charging_station	Enel	yes	ENEL_00000371	FINISHED	MAINTENANCE	0	Aldo Moro	40127	ENEL_00000371	Emilia Romagna	N.11EP21T2301C000030	0	Bologna
4295718008	7	44.04856	12.57657	Via Flaminia Conca				Rimini			47924	Italia	IT	European Union	charging_station	Enel	yes	ENEL_00000366	FINISHED	ACTIVE	0	Flaminia Conca 1	47921	ENEL_00000366	Emilia Romagna	N.11EP21T2302E000238	0	Rimini
4295718009	7	41.806927	12.432505	Piazzale Cina				Roma			127	Italia	IT	European Union	charging_station	Enel	yes	ENEL_00000058	FINISHED	ACTIVE	0	Piazzale Cina	0	ENEL_00000058	Lazio	N.10CP21T2B02A000049	0	Rome
		41.91016	12.475154	Via Principessa Clotilde				Roma			196	Italia	IT	European Union	charging_station	Enel	yes	ENEL_00000153	FINISHED	MAINTENANCE	0	Via Principessa Clotilde 5	196	ENEL_00000153	Lazio	N.11CP21T2B02C000083	0	Rome
4295718010	7	41.903652	12.489825	Via Barberini				Roma			187	Italia	IT	European Union	charging_station	Enel	yes	ENEL_00000320	ACTIVE	ACTIVE	6074778	Barberini 2	0	ENEL_00000320	Lazio	N.11CP21T2B02C000106	0	Rome
4295718011	7	42.96758	12.2721	Vocabolo Maroneto				Marsciano				Italia	IT	European Union	charging_station	Enel	yes	ENEL_00000453	FINISHED	ACTIVE	0	Mercatello 1	6072	ENEL_00000453	Umbria	N.11EP21T2301C000039	0	Perugia
4295718012	7	43.1129	12.3905	Piazza Piccinino				Perugia			6100	Italia	IT	European Union	charging_station	Enel	yes	ENEL_00000495	FINISHED	ACTIVE	0	Piccinino	6122	ENEL_00000495	Umbria	N.11EP21T2301C000001	0	Perugia
4295718013	7	44.40388	8.94414	Via Brigata Liguria				Genova			16129	Italia	IT	European Union	charging_station	Enel	yes	ENEL_00000509	FINISHED	ACTIVE	0	AEEG242 4 Brigate Liguria	16100	ENEL_00000509	Liguria	N.12EP21T2301H000035	0	Genova
4295718014	7	44.50413	11.34315	Via Cesare Boldrini				Bologna			40121	Italia	IT	European Union	charging_station	Enel	yes	ENEL_00000488	FINISHED	ACTIVE	0	Boldrini2	40121	ENEL_00000488	Emilia Romagna	N.11EP21T2301C000052	0	Bologna
		41.906487	12.456733	Piazza del Risorgimento				Roma			193	Italia	IT	European Union	charging_station	Enel	yes	ENEL_00000525	FINISHED	MAINTENANCE	0	Risorgimento	0	ENEL_00000525	Lazio	N.10CP21T2B02B000074	0	Rome
		41.896076	12.483102	Piazza della Madonna di Loreto				Roma			188	Italia	IT	European Union	charging_station	Enel	yes	EnEnergia_00000008	FINISHED	INSTALLED	0	Municipio I	187	EnEnergia_00000008	Lazio	N.10CP21T2B02A000050	0	Rome
4295718015	7	43.72869	10.38942	via Pietrasantina				Pisa			56100	Italia	IT	European Union	charging_station	Enel	yes	ENEL_00000063	FINISHED	ACTIVE	0	via Pietrasantina	0	ENEL_00000063	Tuscany	N.10EP21T2302A000031	0	Pisa
4295718016	7	41.91587	12.45361	Piazzale Clodio				Roma			195	Italia	IT	European Union	charging_station	Enel	yes	ENEL_00000391	FINISHED	ACTIVE	0	Clodio 1	195	ENEL_00000391	Lazio	N.11CP21T2B02C000125	0	Rome
4295718017	7	44.697266	10.642405	Piazzale Marconi				Reggio nell'Emilia			42122	Italia	IT	European Union	charging_station	Enel	yes	ENEL_00000347	FINISHED	ACTIVE	0	Marconi2	0	ENEL_00000347	Emilia Romagna	N.11EP21T2302E000218	0	Reggio Emilia
4295718018	7	44.70495	10.633529	Via Alberto Pansa				Reggio nell'Emilia			42124	Italia	IT	European Union	charging_station	Enel	yes	ENEL_00000428	FINISHED	ACTIVE	0	PE Reggio Emilia	42124	ENEL_00000428	Emilia Romagna	N.11EP21T2301C000050	0	Reggio Emilia
		44.4071	8.932628	Piazza Matteotti				Genova			16124	Italia	IT	European Union	charging_station	Enel	yes	ENEL_00000512	FINISHED	PLANNED	0	AEEG242 7 Matteotti	0	ENEL_00000512	Liguria		0	Genova
4295718019	7	43.705215	10.401302	Piazza Giusti				Pisa			56125	Italia	IT	European Union	charging_station	Enel	yes	ENEL_00000543	FINISHED	ACTIVE	0	Giusti	0	ENEL_00000543	Tuscany	N.10EP21T2302A000034	0	Pisa
4295718020	7	41.12916	16.86377	Corso De Tullio				Bari			70123	Italia	IT	European Union	charging_station	Enel	yes	ENEL_00000598	FINISHED	ACTIVE	0	De Tullio bis	70122	ENEL_00000598	Puglia	N.13EP21T2301H000008	0	Bari
4295718021	7	41.13361	16.84186	Viale Vittorio Emanuele Orlando				Bari			70123	Italia	IT	European Union	charging_station	Enel	yes	ENEL_00000586	FINISHED	ACTIVE	0	1 AQP	70123	ENEL_00000586	Puglia	N.13EP21T2301H000007	0	Bari
		41.897022	12.483043	Via Cesare Battisti				Roma			187	Italia	IT	European Union	charging_station	Enel	yes	ENEL_00000305	FINISHED	INSTALLED	0	Cesare Battisti 1	187	ENEL_00000305	Lazio	N.11CP21T2B01C000006	0	Rome
4295718022	7	43.720898	10.3892355	via Diotisalvi				Pisa			56100	Italia	IT	European Union	charging_station	Enel	yes	ENEL_00000026	FINISHED	ACTIVE	0	via Diotisalvi 2	0	ENEL_00000026	Tuscany	N.10EP21T2302A000036	0	Pisa
4295718023	7	44.40241	8.94932	Piazza Paolo da Novi				Genova			16129	Italia	IT	European Union	charging_station	Enel	yes	ENEL_00000514	FINISHED	ACTIVE	0	AEEG242 9 Paolo da Novi	0	ENEL_00000514	Liguria	N.12EP21T2301H000036	0	Genova
		41.945564	12.553284	Via Ugo Ojetti				Roma			137	Italia	IT	European Union	charging_station	Enel	yes	ENEL_00000474	FINISHED	MAINTENANCE	0	Ojetti 1	137	ENEL_00000474	Lazio	N.10CP21T2B02B000067	0	Rome
		44.05523	12.59522	Lungomare Spadazzi				Rimini			47920	Italia	IT	European Union	charging_station	Enel	yes	ENEL_00000575	FINISHED	INSTALLED	0	Lungomare Spadazzi	47921	ENEL_00000575	Emilia Romagna	N.13EP22T5311F000006	0	Rimini
4295718024	7	44.371944	11.703333	Via Carlo Casalegno				Imola			40026	Italia	IT	European Union	charging_station	Enel	yes	HERA_00000009	FINISHED	ACTIVE	0	Casalegno	40026	HERA_00000009	Emilia Romagna	N.11ZP21T2B01C000035	0	Bologna
4295718025	7	41.918346	12.511876	Viale Pola				Roma			198	Italia	IT	European Union	charging_station	Enel	yes	ENEL_00000155	FINISHED	ACTIVE	0	Via Pola 25	0	ENEL_00000155	Lazio	N.11CP21T2B02C000090	0	Rome
4295718026	7	41.910816	12.499319	Corso d?Italia				Roma			139	Italia	IT	European Union	charging_station	Enel	yes	ENEL_00000406	FINISHED	ACTIVE	0	Car Sharing - Italia 2	198	ENEL_00000406	Lazio	N.11CP21T2B02C000082	0	Rome
		44.4071	8.932628	Piazza Matteotti				Genova			16124	Italia	IT	European Union	charging_station	Enel	yes	ENEL_00000518	FINISHED	PLANNED	0	Car Sharing 13 Matteotti	0	ENEL_00000518	Liguria		0	Genova
4295718027	7	44.49641	11.35549	Via San Giacomo				Bologna			40126	Italia	IT	European Union	charging_station	Enel	yes	ENEL_00000530	FINISHED	ACTIVE	0	San Giacomo	40126	ENEL_00000530	Emilia Romagna	N.12EP21T2301H000020	0	Bologna
4295718028	7	43.674816	10.401302	Via del Nugolaio				Cascina			56121	Italia	IT	European Union	charging_station	Enel	yes	ENEL_00000542	FINISHED	ACTIVE	0	Nugolaio	56021	ENEL_00000542	Tuscany	N.12EP21T2301H000038	0	Pisa
4295718029	7	41.11286	16.89879	Viale Japigia				Bari			70126	Italia	IT	European Union	charging_station	Enel	yes	ENEL_00000578	FINISHED	ACTIVE	0	BARI 07	70126	ENEL_00000578	Puglia	N.12EP21T2301H000031	0	Bari
4295718030	7	45.43536	12.30536	Rampa San Basilio				Venezia			30123	Italia	IT	European Union	charging_station	Enel	yes	ENEL_00000350	FINISHED	ACTIVE	0	banchina_marmi_fabbricato123	30135	ENEL_00000350	Veneto	N.11EP21T2301C000023	0	Venice
4295718031	7	43.71225	10.42127	Via P. Nenni				Pisa			56127	Italia	IT	European Union	charging_station	Enel	yes	ENEL_00000084	FINISHED	ACTIVE	0	Via P. Nenni	0	ENEL_00000084	Tuscany	N.10EP21T2302A000015	0	Pisa
4295718032	7	44.351944	11.71	Piazza Alessandro Bianconcini				Imola			40026	Italia	IT	European Union	charging_station	Enel	yes	HERA_00000006	FINISHED	ACTIVE	0	Piazza Alessandro Bianconcini 6	40026	HERA_00000006	Emilia Romagna	N.11ZP21T2B01C000012	0	Bologna
4295718033	7	43.72438	10.41055	Via Alberto Paparelli				Pisa			56127	Italia	IT	European Union	charging_station	Enel	yes	ENEL_00000105	FINISHED	ACTIVE	0	sostituisce paparelli 11	0	ENEL_00000105	Tuscany	N.10EP21T2302A000023	0	Pisa
4295718034	7	43.11	12.358	Località Pian di Massiano				Perugia			6125	Italia	IT	European Union	charging_station	Enel	yes	ENEL_00000497	FINISHED	ACTIVE	0	PALAEVANGELISTI	0	ENEL_00000497	Umbria	N.11EP21T2301C000003	0	Perugia
4295718035	7	41.881386	12.561578	Via dei Platani				Roma			177	Italia	IT	European Union	charging_station	Enel	yes	EnEnergia_00000001	FINISHED	ACTIVE	0	Europe Ass	0	EnEnergia_00000001	Lazio	N.12ZP21T2B01C000005	0	Rome
4295718036	7	41.91585	12.453513	Piazzale Clodio				Roma			195	Italia	IT	European Union	charging_station	Enel	yes	ENEL_00000392	FINISHED	ACTIVE	0	Clodio 2	195	ENEL_00000392	Lazio	N.11CP21T2B02C000126	0	Rome
4295718037	7	44.70592	10.62578	Viale Regina Elena				Reggio nell'Emilia			42124	Italia	IT	European Union	charging_station	Enel	yes	ENEL_00000348	FINISHED	ACTIVE	0	Regina Elena 2	42124	ENEL_00000348	Emilia Romagna	N.11EP21T2302E000220	0	Reggio Emilia
4295718038	7	43.627262	10.291106	Piazza Belvedere				Pisa				Italia	IT	European Union	charging_station	Enel	yes	ENEL_00000278	FINISHED	ACTIVE	0	Belvedere	56128	ENEL_00000278	Tuscany	N.11EP21T2302C000176	0	Pisa
4295718039	7	41.848637	12.597563	Via Bernardino Alimena				Roma			173	Italia	IT	European Union	charging_station	Enel	yes	ENEL_00000287	FINISHED	ACTIVE	0	Alimena 2	0	ENEL_00000287	Lazio	N.11CP21T2B02C000104	0	Rome
4295718040	7	44.49186	11.33006	Via Ugo Foscolo				Bologna			40123	Italia	IT	European Union	charging_station	Enel	yes	ENEL_00000533	FINISHED	ACTIVE	0	Foscolo	0	ENEL_00000533	Emilia Romagna	N.12EP21T2301H000021	0	Bologna
4295718041	7	41.85371	12.568502	Piazza di Cinecittà				Roma			173	Italia	IT	European Union	charging_station	Enel	yes	ENEL_00000235	FINISHED	ACTIVE	0	Cinecittà 2	0	ENEL_00000235	Lazio	N.11CP21T2B02C000094	0	Rome
4295718042	7	43.08138	12.368503	Via Chiusi				Perugia			6126	Italia	IT	European Union	charging_station	Enel	yes	ENEL_00000416	FINISHED	ACTIVE	0	Chiusi	6129	ENEL_00000416	Umbria	N.10EP21T2302A000009	0	Perugia
4295718043	7	41.82617	12.478307	Viale dell'Aeronautica				Roma			144	Italia	IT	European Union	charging_station	Enel	yes	ENEL_00000107	ACTIVE	ACTIVE	53254790	Viale dell'Aeronautica 106-126	0	ENEL_00000107	Lazio	N.10CP21T2B02A000055	0	Rome
4295718044	7	41.904163	12.485597	Via Francesco Crispi				Roma			187	Italia	IT	European Union	charging_station	Enel	yes	ENEL_00000293	ACTIVE	ACTIVE	4341801	Crispi 2	0	ENEL_00000293	Lazio	N.11CP21T2B02C000109	0	Rome
		44.416023	8.919061	Via Fanti d'Italia				Genova			16134	Italia	IT	European Union	charging_station	Enel	yes	ENEL_00000520	FINISHED	PLANNED	0	Car Sharing 15 Fanti d'Italia	0	ENEL_00000520	Liguria		0	Genova
4295718045	7	44.682514	10.663439	Via Alberto Ferioli				Reggio nell'Emilia			42122	Italia	IT	European Union	charging_station	Enel	yes	ENEL_00000565	FINISHED	ACTIVE	0	Ferioli	42122	ENEL_00000565	Emilia Romagna	N.11EP21T2302E000222	0	Reggio Emilia
4295718046	7	44.063026	12.586873	Via  Le Notti di Cabiria				Rimini			47924	Italia	IT	European Union	charging_station	Enel	yes	ENEL_00000570	FINISHED	ACTIVE	0	Cabiria monte	47921	ENEL_00000570	Emilia Romagna	N.13EP22T5311F000007	0	Rimini
		41.83689	12.463253	Viale Egeo				Roma			144	Italia	IT	European Union	charging_station	Enel	yes	ENEL_00000122	FINISHED	MAINTENANCE	0	Viale Egeo	0	ENEL_00000122	Lazio	N.10CP21T2B02A000062	0	Rome
		41.81606	12.41205	Viale Salvatore Rebecchini				Roma			127	Italia	IT	European Union	charging_station	Enel	yes	ENEL_00000306	FINISHED	MAINTENANCE	0	rebecchini2	148	ENEL_00000306	Lazio	N.11CP21T2B01C000007	0	Rome
4295718047	7	44.048546	12.5765705	Via Flaminia Conca				Rimini			47924	Italia	IT	European Union	charging_station	Enel	yes	ENEL_00000414	FINISHED	ACTIVE	0	Flaminia Conca 2	47921	ENEL_00000414	Emilia Romagna	N.11EP21T2302E000199	0	Rimini
		44.50185	11.353	Piazza di Porta Mascarella				Bologna			40126	Italia	IT	European Union	charging_station	Enel	yes	ENEL_00000462	FINISHED	MAINTENANCE	0	BO-Mascarella	0	ENEL_00000462	Emilia Romagna	N.11EP21T2301C000053	0	Bologna
4295718048	7	41.92323	12.50692	Piazza Verbano				Roma			198	Italia	IT	European Union	charging_station	Enel	yes	ENEL_00000544	FINISHED	ACTIVE	0	verbano	199	ENEL_00000544	Lazio	N.11CP21T2B02C000085	0	Rome
		43.6735	10.28902	Largo Belvedere (frazione Tirrenia)				Pisa				Italia	IT	European Union	charging_station	Enel	yes	ENEL_00000600	FINISHED	INSTALLED	0	Belvedere	0	ENEL_00000600	Tuscany	N.10EP21T2302A000006	0	Pisa
4295718049	7	43.09132	12.43698	via Nino Bixio				Perugia			6154	Italia	IT	European Union	charging_station	Enel	yes	ENEL_00000255	FINISHED	ACTIVE	0	bixio2	6135	ENEL_00000255	Umbria	N.11EP21T2302C000167	0	Perugia
4295718050	7	44.50416	11.34293	Via Cesare Boldrini				Bologna			40121	Italia	IT	European Union	charging_station	Enel	yes	ENEL_00000487	FINISHED	ACTIVE	0	Boldrini1	40121	ENEL_00000487	Emilia Romagna	N.11EP21T2301C000028	0	Bologna
		43.71397	10.40981	Piazza San Silvestro				Pisa			56127	Italia	IT	European Union	charging_station	Enel	yes	ENEL_00000080	FINISHED	MAINTENANCE	0	Piazza San Silvestro	0	ENEL_00000080	Tuscany	N.10EP21T2302A000018	0	Pisa
4295718051	7	41.837116	12.46338	Viale Egeo				Roma			144	Italia	IT	European Union	charging_station	Enel	yes	ENEL_00000123	FINISHED	ACTIVE	0	Viale Egeo	0	ENEL_00000123	Lazio	N.10CP21T2B02B000063	0	Rome
		44.414474	8.9336	Piazza Villa Goffredo				Genova			16124	Italia	IT	European Union	charging_station	Enel	yes	ENEL_00000521	FINISHED	PLANNED	0	Car Sharing 16 Villa	0	ENEL_00000521	Liguria		0	Genova
4295718052	7	41.09651	16.86748	Via Giulio Petroni				Bari			70124	Italia	IT	European Union	charging_station	Enel	yes	ENEL_00000603	FINISHED	ACTIVE	0	Petroni	70122	ENEL_00000603	Puglia	N.13EP21T2301H000016	0	Bari
4295718053	7	43.70763	10.43242	Via Puglia				Pisa			56124	Italia	IT	European Union	charging_station	Enel	yes	ENEL_00000361	FINISHED	ACTIVE	0	Puglia 1	56124	ENEL_00000361	Tuscany	N.11EP21T2301C000025	0	Pisa
4295718054	7	44.697285	10.632289	via Nobili				Reggio nell'Emilia			42124	Italia	IT	European Union	charging_station	Enel	yes	ENEL_00000437	FINISHED	ACTIVE	0	Nobili	42121	ENEL_00000437	Emilia Romagna	N.11EP21T2302E000221	0	Reggio Emilia
4295718055	7	43.09376	12.50322	Strada Traversa				Perugia				Italia	IT	European Union	charging_station	Enel	yes	ENEL_00000609	FINISHED	ACTIVE	0	Aeroporto S. Egidio	6134	ENEL_00000609	Umbria	N.13EP22T5311F000004	0	Perugia
4295718056	7	44.50262	11.33997	Piazza dei Martiri 1943-1945				Bologna			40121	Italia	IT	European Union	charging_station	Enel	yes	ENEL_00000526	FINISHED	ACTIVE	0	Martiri	40121	ENEL_00000526	Emilia Romagna	N.12EP21T2301H000019	0	Bologna
4295718057	7	44.63456	10.930538	Piazza Manzoni				Modena			41122	Italia	IT	European Union	charging_station	Enel	yes	HERA_00000019	FINISHED	ACTIVE	0	Manzoni	41124	HERA_00000019	Emilia Romagna	N.11ZP21T2B01C000023	0	Modena
4295718058	7	41.903652	12.489825	Via Barberini				Roma			187	Italia	IT	European Union	charging_station	Enel	yes	ENEL_00000103	ACTIVE	ACTIVE	6973780	Via Barberini 1-3	0	ENEL_00000103	Lazio	N.10CP21T2B02B000068	0	Rome
		44.48448	11.37577	Via Pietro Mainoldi				Bologna			40139	Italia	IT	European Union	charging_station	Enel	yes	ENEL_00000467	FINISHED	MAINTENANCE	0	BO-MAINOLDI	40139	ENEL_00000467	Emilia Romagna	N.11EP21T2301C000056	0	Bologna
		44.69507	10.637512	Via Giorgione				Reggio nell'Emilia			42122	Italia	IT	European Union	charging_station	Enel	yes	ENEL_00000527	FINISHED	MAINTENANCE	0	Giorgione	42124	ENEL_00000527	Emilia Romagna	N.11EP21T2302E000215	0	Reggio Emilia
4295718059	7	41.13525	16.84379	Corso Vittorio Veneto				Bari			70123	Italia	IT	European Union	charging_station	Enel	yes	ENEL_00000592	FINISHED	ACTIVE	0	1 Fiera Levante	70123	ENEL_00000592	Puglia	N.13EP21T2301H000009	0	Bari
4295718060	7	41.933037	12.511821	Piazza Vescovio				Roma			198	Italia	IT	European Union	charging_station	Enel	yes	ENEL_00000226	FINISHED	ACTIVE	0	Vescovio	0	ENEL_00000226	Lazio	N.11CP21T2B02C000114	0	Rome
4295718061	7	41.85751	12.49703	Via Marco e Marcelliano				Roma			147	Italia	IT	European Union	charging_station	Enel	yes	ENEL_00000294	FINISHED	ACTIVE	0	Elio Rufino 1	147	ENEL_00000294	Lazio	N.11CP21T2B02C000115	0	Rome
4295718385	6	44.41071	8.90642	Via di Francia				Genova			16134	Italia	IT	European Union	charging_station	Enel	yes	ENEL_00000610	FINISHED	ACTIVE	0	Francia	16149	ENEL_00000610	Liguria	N.12EP21T2301H000004	0	Genova
		41.90547	12.51493	Viale dell'Università				Roma			161	Italia	IT	European Union	charging_station	Enel	yes	ENEL_00000612	FINISHED	INSTALLED	0	Università 2	185	ENEL_00000612	Lazio	N.13CP21T2B01H000014	0	Rome
		41.905464	12.514915	Viale dell'Università				Roma			161	Italia	IT	European Union	charging_station	Enel	yes	ENEL_00000611	FINISHED	INSTALLED	0	Università 1	185	ENEL_00000611	Lazio	N.13CP21T2B01H000013	0	Rome
